{"cameraMode":{"drawMode":0,"name":"Shaded","section":"Shading Mode"},"sceneLighting":true,"audioPlay":false,"sceneViewState":{"m_AlwaysRefresh":false,"showFog":true,"showSkybox":true,"showFlares":true,"showImageEffects":true,"showParticleSystems":true,"showVisualEffectGraphs":true,"m_FxEnabled":true},"in2DMode":false,"pivot":{"x":6.2691969871521,"y":-2.6914188861846926,"z":2.4587647914886476},"rotation":{"x":0.10361959785223007,"y":0.008946218527853489,"z":-0.0009307822911068797,"w":0.9945818781852722},"size":1.6163846254348755,"orthographic":false}